date,inception_return,one_day_return,one_month_return,one_week_return,one_year_return,portfolio,ytd_return
2025-04-04,38.1045,-4.00473,-7.4067,-5.77474,11.6626,core,-6.07507
2025-04-03,43.8261,-3.17415,-2.42289,-2.36721,15.2706,core,-2.1573
2025-04-02,48.5411,0.252584,0.0375202,0.626664,19.4637,core,1.05019
2025-04-01,48.1668,1.26353,-1.95114,-0.842591,18.9375,core,0.795599
2025-03-31,46.3181,-0.143727,-3.17455,-2.01817,16.7101,core,-0.46209
2025-03-28,46.5287,-0.532677,-2.92045,-0.444859,16.878,core,-0.318821
2025-03-27,47.3134,-0.205026,-1.76053,-0.21782,17.5362,core,0.215001
2025-03-26,47.616,-1.21121,-1.51513,-0.0524929,18.4178,core,0.42089
2025-03-25,49.4259,0.0629821,-0.613331,2.18969,19.755,core,1.65211
2025-03-24,49.3318,1.45968,-0.675888,1.26095,20.2312,core,1.58813
2025-03-21,47.1834,-0.305838,-4.1042,0.0981879,18.8478,core,0.126601
2025-03-20,47.6349,-0.0396784,-3.99095,2.6564,18.9567,core,0.433766
2025-03-19,47.6935,1.00498,-3.65831,1.49339,19.9662,core,0.473632
2025-03-18,46.224,-0.846425,-4.61689,0.979017,19.2278,core,-0.526059
2025-03-17,47.4723,0.294632,-3.80265,2.2053,20.2207,core,0.323101
2025-03-14,47.039,2.24205,-4.15154,0.568135,20.4089,core,0.0283854
2025-03-13,43.8147,-1.17215,-6.93367,-1.62776,17.0287,core,-2.16512
2025-03-12,45.5204,0.493084,-6.48535,-2.40864,18.6812,core,-1.00475
2025-03-11,44.8063,0.357686,-5.8755,-1.75789,18.3675,core,-1.49048
2025-03-10,44.2902,-1.31192,-6.21097,-2.82527,17.9546,core,-1.84158
2025-03-07,46.2084,0.00959718,-5.29748,-3.24713,18.7309,core,-0.5367
2025-03-06,46.1944,-1.95663,-5.05797,-1.81734,19.0151,core,-0.546245
2025-03-05,49.1119,1.16318,-4.13988,-1.20896,22.103,core,1.43854
2025-03-04,47.3974,-0.732682,-4.39481,-1.70446,20.3465,core,0.272193
2025-03-03,48.4854,-1.74035,-3.68916,-0.935129,20.991,core,1.01229
2025-02-28,51.1153,1.48752,-0.933804,0.510338,23.9125,core,2.80139
2025-02-27,48.9004,-1.34912,-1.94962,-2.78666,22.4721,core,1.29462
2025-02-26,50.9367,0.655775,-0.724556,-1.65879,25.0313,core,2.67989
2025-02-25,49.9533,0.0442558,-3.45853,-2.48327,25.2034,core,2.01093
2025-02-24,49.887,-0.306629,-3.50123,-2.2275,25.0964,core,1.9658
2025-02-21,50.348,-1.84153,-3.23994,-1.92678,26.0078,core,2.27942
2025-02-20,53.1687,-0.204577,-0.995813,-0.769297,29.2066,core,4.19827
2025-02-19,53.4827,-0.188108,-0.886089,0.0487661,29.5565,core,4.41187
2025-02-18,53.7719,0.306658,-0.212126,-0.49006,29.6248,core,4.60865
2025-02-14,53.3018,-0.683045,0.866728,-0.353441,28.4317,core,4.28884
2025-02-13,54.3561,0.618142,3.49899,-0.22627,30.0436,core,5.00608
2025-02-12,53.4078,-0.725658,3.23628,-0.634223,31.2038,core,4.36098
2025-02-11,54.5292,-0.696071,3.23466,0.354866,30.5759,core,5.12382
2025-02-10,55.6124,1.14844,3.95828,0.0390798,31.3784,core,5.86068
2025-02-07,53.8455,-0.556295,3.64373,-0.212421,29.9176,core,4.65874
2025-02-06,54.7062,0.206737,3.84471,0.331819,30.2583,core,5.24421
2025-02-05,54.387,0.262521,2.23396,1.21102,30.0363,core,5.02708
2025-02-04,53.9828,-1.00855,3.06587,1.39711,30.8062,core,4.75209
2025-02-03,55.5516,0.894146,4.11593,2.31079,31.7299,core,5.81933
2025-01-31,54.173,-0.0139306,5.73926,-0.741835,30.1453,core,4.88154
2025-01-30,54.1945,1.08484,5.75399,-1.11297,31.476,core,4.89615
2025-01-29,52.5397,0.446871,4.13808,-1.82941,29.4578,core,3.77041
2025-01-28,51.8611,-0.116549,2.86083,-1.84099,28.8598,core,3.30875
2025-01-27,52.0383,-2.11621,2.98085,-1.81881,29.5101,core,3.4293
2025-01-24,55.3253,-0.387786,4.81655,0.795924,31.9574,core,5.6654
2025-01-23,55.93,0.352473,5.2246,1.97948,33.9645,core,6.07675
2025-01-22,55.3823,0.435023,5.56963,2.23562,33.3273,core,5.70417
2025-01-21,54.7093,-0.0939762,5.45718,3.73579,33.1159,core,5.24632
2025-01-20,54.8548,0.4906,5.55638,4.21002,33.2402,core,5.34532
2025-01-17,54.0988,0.781875,5.92642,2.94712,33.34,core,4.83102
2025-01-16,52.9033,0.604519,3.42017,2.90188,32.9586,core,4.01773
2025-01-15,51.9845,1.90877,2.54324,2.38997,31.6208,core,3.3927
2025-01-14,49.1378,0.362748,0.541409,0.107008,28.7231,core,1.45614
2025-01-13,48.5988,-0.727222,0.178015,-1.59897,28.5238,core,1.08944
2025-01-10,49.6873,0.737585,0.171439,0.190786,29.721,core,1.82997
2025-01-09,48.5913,0.10404,-0.171991,1.08439,28.8096,core,1.08439
2025-01-08,48.4369,-0.363463,-0.452426,1.80514,29.3387,core,0.979326
2025-01-07,48.9784,-1.34759,-0.309674,2.17651,29.5548,core,1.34769
2025-01-06,51.0134,1.07839,1.05209,3.09609,32.1078,core,2.73209
2025-01-03,49.4023,1.63606,0.0920293,1.19539,30.9082,core,1.63606
2025-01-02,46.9973,0.817805,-0.872796,-0.851732,29.0448,core,-
2024-12-31,45.8049,-0.459727,-1.72968,-1.60799,27.3555,core,28.0012
2024-12-30,46.4783,-0.785115,-1.27582,-0.479896,27.9437,core,28.5924
2024-12-27,47.6374,-0.419975,-0.0656793,0.636686,28.9032,core,29.61
2024-12-26,48.2601,0.0488139,-0.141873,1.491,29.5374,core,30.1566
2024-12-24,48.1878,0.681531,1.38565,0.230707,28.9715,core,30.0931
2024-12-23,47.1847,0.328043,0.699348,-0.695202,28.0985,core,29.2125
2024-12-20,46.7034,0.42537,1.6752,-1.09974,27.2097,core,28.79
2024-12-19,46.082,0.415743,0.782213,-1.72281,27.4053,core,28.2445
2024-12-18,45.4772,-1.60265,0.328629,-2.64599,25.5051,core,27.7135
2024-12-17,47.8467,-0.248543,2.52138,-0.672281,28.5354,core,29.7937
2024-12-16,48.215,-0.0806681,2.77682,-0.601211,28.8893,core,30.117
2024-12-13,48.3347,-0.207307,2.7211,-0.740398,28.2715,core,30.2221
2024-12-12,48.6429,-0.527526,2.92426,-0.456289,29.1607,core,30.4926
2024-12-11,49.4311,0.392214,3.06511,0.111361,31.5788,core,31.1846
2024-12-10,48.8473,-0.17717,2.80339,0.37476,31.2919,core,30.6721
2024-12-09,49.1115,-0.220584,2.98586,0.654871,31.7476,core,30.9041
2024-12-06,49.4412,0.0783273,4.14615,0.721093,32.299,core,31.1934
2024-12-05,49.3242,0.039719,5.26443,1.12267,32.3629,core,31.0908
2024-12-04,49.2649,0.656351,6.25113,1.03594,32.3721,core,31.0387
2024-12-03,48.2916,0.101401,4.71797,-0.120653,32.0139,core,30.1843
2024-12-02,48.1414,-0.154937,4.61189,0.98442,31.0236,core,30.0524
2024-11-29,48.3713,0.477338,4.11277,1.5112,32.1917,core,30.2542
2024-11-28,47.6664,-0.0460769,3.48338,1.2993,31.8187,core,29.6354
2024-11-27,47.7345,-0.495899,3.37223,2.3898,31.9775,core,29.6952
2024-11-26,48.4707,1.20893,4.43386,2.4302,32.5537,core,30.3415
2024-11-25,46.6973,0.365895,3.1864,1.17005,30.638,core,28.7846
2024-11-22,46.1625,0.267596,3.17117,1.3535,30.2526,core,28.3151
2024-11-21,45.7724,1.02995,2.2931,0.855154,29.7921,core,27.9727
2024-11-20,44.2863,-0.456641,1.18475,-0.0823865,28.775,core,26.668
2024-11-19,44.9482,-0.036192,1.20931,0.365993,29.393,core,27.2491
2024-11-18,45.0007,0.547891,1.24596,0.00935268,29.7624,core,27.2952
2024-11-15,44.2106,-0.225414,1.21777,-0.399051,29.8441,core,26.6015
2024-11-14,44.5364,0.0907794,2.02362,-0.36115,30.3863,core,26.8876
2024-11-13,44.4053,-0.00994136,1.77994,0.63663,29.3782,core,26.7725
2024-11-12,44.4196,-0.391403,2.29248,1.80701,31.4268,core,26.7851
2024-11-11,44.9871,0.137288,2.69443,3.20607,32.0809,core,27.2833
2024-11-08,44.7883,-0.187448,3.59551,2.24411,32.9656,core,27.1088
2024-11-07,45.0603,1.09309,3.99671,2.5803,32.6632,core,27.3475
2024-11-06,43.4918,1.15292,3.40737,0.688805,31.7573,core,25.9705
2024-11-05,41.8563,0.977447,1.83478,-0.588305,30.4185,core,24.5347
2024-11-04,40.4831,-0.796076,0.849033,-1.70165,28.4758,core,23.3293
2024-11-01,41.6105,0.140746,2.0988,-0.39164,30.0238,core,24.3189
2024-10-31,41.4114,-0.770982,1.7067,-0.617106,31.7312,core,24.1442
2024-10-30,42.5102,-0.130074,2.79856,0.593125,34.7586,core,25.1088
2024-10-29,42.6958,-0.153429,3.38123,0.134144,34.905,core,25.2717
2024-10-28,42.915,0.525997,3.54009,0.223104,36.0181,core,25.4642
2024-10-25,42.1672,-0.0859247,3.68073,-0.732478,34.6784,core,24.8077
2024-10-24,42.2895,0.437375,3.24453,0.126027,34.7636,core,24.9151
2024-10-23,41.6699,-0.585756,2.80401,-0.56548,33.2737,core,24.3711
2024-10-22,42.5046,-0.0647243,3.76547,0.589464,34.5105,core,25.1039
2024-10-21,42.5969,-0.432473,3.83268,0.505348,34.6711,core,25.1849
2024-10-18,43.2163,0.778172,6.12004,1.44013,34.4442,core,25.7287
2024-10-17,42.1104,-0.256282,5.0654,1.4174,32.6529,core,24.7578
2024-10-16,42.4755,0.568952,5.34886,1.94071,31.7116,core,25.0784
2024-10-15,41.6695,-0.148293,5.30398,1.56581,30.813,core,24.3708
2024-10-14,41.8799,0.493585,5.46037,2.24578,31.3062,core,24.5555
2024-10-11,41.1831,0.75559,6.1599,1.35149,30.8617,core,23.9437
2024-10-10,40.1243,0.258389,6.21533,1.19701,29.0286,core,23.0142
2024-10-09,39.7632,0.199104,6.15753,0.766924,29.1582,core,22.6972
2024-10-08,39.4854,0.520197,6.9201,0.321481,29.4709,core,22.4534
2024-10-07,38.7636,-0.38538,6.36678,0.0960006,28.9868,core,21.8197
2024-10-04,39.3004,0.602019,5.60443,0.921353,30.1112,core,22.291
2024-10-03,38.4668,-0.167707,5.12218,0.35922,29.7086,core,21.5592
2024-10-02,38.6994,-0.243828,3.715,1.1517,30.6945,core,21.7634
2024-10-01,39.0385,0.29427,3.96851,0.885586,30.1372,core,22.061
2024-09-30,38.6305,0.436003,3.66346,0.598463,29.2639,core,21.7028
2024-09-27,38.0287,0.0416646,4.21858,0.506314,28.55,core,21.1745
2024-09-26,37.9712,0.620613,3.64934,1.30176,28.9948,core,21.1241
2024-09-25,37.1202,-0.506271,3.05299,1.60301,28.5145,core,20.377
2024-09-24,37.818,0.00883029,3.17607,1.89189,27.9682,core,20.9895
2024-09-23,37.8058,0.344003,3.16696,1.89596,28.0652,core,20.9788
2024-09-20,37.3334,0.833434,3.11304,2.08088,27.7954,core,20.5641
2024-09-19,36.1982,0.919836,2.61665,1.814,25.3683,core,19.5676
2024-09-18,34.9569,-0.223384,1.20861,1.47822,23.5941,core,18.4778
2024-09-17,35.259,0.0128242,1.64664,2.5274,22.9499,core,18.743
2024-09-16,35.2417,0.526105,1.63361,2.72321,23.1008,core,18.7278
2024-09-13,34.5339,0.569818,2.27542,3.12456,21.648,core,18.1064
2024-09-12,33.7716,0.587004,1.71323,1.79995,21.8677,core,17.4373
2024-09-11,32.991,0.808203,1.89869,0.821182,21.0993,core,16.7519
2024-09-10,31.9247,0.20383,1.07001,0.155509,19.7364,core,15.8159
2024-09-09,31.6564,0.918872,0.864417,-1.55157,19.6383,core,15.5803
2024-09-06,30.4576,-0.721978,1.19654,-2.44795,18.751,core,14.5279
2024-09-05,31.4064,-0.380102,1.41029,-1.17328,19.2955,core,15.3608
2024-09-04,31.9077,0.142616,1.94566,-0.403041,19.5451,core,15.801
2024-09-03,31.7199,-1.50408,0.926334,-1.04689,19.0876,core,15.6361
2024-08-30,33.7313,0.575248,-0.20302,0.116643,21.3698,core,17.4019
2024-08-29,32.9664,0.396316,0.595304,0.434533,20.5012,core,16.7304
2024-08-28,32.4415,-0.504762,0.159115,-0.559844,20.2334,core,16.2696
2024-08-27,33.1134,0.0416926,0.697178,0.292464,22.2008,core,16.8595
2024-08-26,33.058,-0.387449,0.655212,-0.215427,22.8614,core,16.8108
2024-08-23,33.5755,0.894595,2.21147,0.381507,24.3751,core,17.2651
2024-08-22,32.3911,-0.597683,0.193854,-0.386439,22.2575,core,16.2253
2024-08-21,33.1872,0.348018,1.1237,1.25164,24.2949,core,16.9242
2024-08-20,32.7253,-0.464929,1.72602,0.917646,23.7022,core,16.5187
2024-08-19,33.3452,0.208457,2.20118,2.17015,24.2713,core,17.0629
2024-08-16,33.0678,0.122724,1.43752,1.94577,24.1802,core,16.8194
2024-08-15,32.9047,1.03692,0.323055,2.06731,23.6616,core,16.6762
2024-08-14,31.5408,0.0170061,-0.0643565,2.03673,22.0089,core,15.4788
2024-08-13,31.5184,0.770412,0.0464816,1.49675,20.8371,core,15.4592
2024-08-12,30.5129,-0.0116108,-0.718396,0.867658,19.9002,core,14.5765
2024-08-09,30.5281,0.242088,-0.156939,0.0131339,19.9646,core,14.5898
2024-08-08,30.2128,1.00665,0.216004,-1.24909,19.542,core,14.313
2024-08-07,28.9151,-0.512286,-1.01096,-3.79711,18.476,core,13.1738
2024-08-06,29.5789,0.14582,-0.399758,-1.9675,18.719,core,13.7565
2024-08-05,29.3902,-0.858686,-0.544783,-2.14843,18.9302,core,13.5909
2024-08-02,30.5109,-1.02303,0.112162,-1.27157,20.3744,core,14.5747
2024-08-01,31.8599,-1.59957,1.48073,0.745636,21.7237,core,15.759
2024-07-31,34.0034,1.3798,3.69189,2.53886,22.9979,core,17.6407
2024-07-30,32.1796,-0.0390099,2.17311,0.0337247,20.8941,core,16.0396
2024-07-29,32.2311,0.0297335,2.21298,0.397812,21.3978,core,16.0849
2024-07-26,32.1918,0.999252,2.09425,1.31717,22.2104,core,16.0504
2024-07-25,30.884,0.151916,0.62142,0.475129,20.122,core,14.9022
2024-07-24,30.6854,-1.09702,0.522844,-0.378587,19.9405,core,14.7279
2024-07-23,32.135,0.324813,2.06244,-0.257986,21.1855,core,16.0005
2024-07-22,31.7072,0.945722,1.73201,0.0620836,20.8959,core,15.6249
2024-07-19,30.4733,0.159851,0.652958,-0.748546,19.8772,core,14.5417
2024-07-18,30.265,-0.699054,0.413467,-0.59056,19.1411,core,14.3589
2024-07-17,31.1821,-0.977292,1.45545,0.343326,19.7896,core,15.1639
2024-07-16,32.4768,0.646752,2.48844,1.9584,21.4465,core,16.3005
2024-07-15,31.6255,0.127934,1.82985,1.07023,21.3566,core,15.5532
2024-07-12,31.4573,0.319283,1.22883,1.04404,20.7265,core,15.4055
2024-07-11,31.0389,0.233813,1.24939,0.711368,20.949,core,15.0382
2024-07-10,30.7332,0.616522,0.943468,0.282694,21.4903,core,14.7699
2024-07-09,29.9322,-0.229992,1.43086,-0.00285544,21.3432,core,14.0666
2024-07-08,30.2317,0.101996,1.66468,0.773367,21.5974,core,14.3296
2024-07-05,30.099,-0.0110068,0.674522,0.564871,21.9063,core,14.2131
2024-07-04,30.1133,-0.192828,1.93924,0.375829,21.2495,core,14.2257
2024-07-03,30.3647,0.330023,1.86768,0.683121,20.683,core,14.4464
2024-07-02,29.9359,0.544467,0.929984,-0.107453,20.2582,core,14.0699
2024-07-01,29.2323,-0.105111,0.383429,-0.594938,19.7257,core,13.4522
2024-06-28,29.3682,-0.198967,1.40764,-0.0746249,20.8519,core,13.5716
2024-06-27,29.6262,0.112724,0.728712,-0.0780223,21.444,core,13.798
2024-06-26,29.4802,-0.457779,0.0743253,-0.113147,21.8553,core,13.6698
2024-06-25,30.0757,0.0538006,0.263393,0.267479,23.1442,core,14.1926
2024-06-24,30.0057,0.417766,0.209479,0.545656,23.5441,core,14.1312
2024-06-21,29.4649,-0.20236,0.596307,0.15832,22.6806,core,13.6564
2024-06-20,29.7274,0.0775316,0.668346,0.168011,22.2377,core,13.8868
2024-06-19,29.6269,-0.0784664,1.06603,-0.180689,21.8629,core,13.7986
2024-06-18,29.7287,0.331385,1.22282,0.237009,21.5591,core,13.888
2024-06-17,29.3002,0.0309233,0.888487,-0.163044,20.9473,core,13.5118
2024-06-14,29.2602,-0.192704,0.614137,0.906292,20.2394,core,13.4767
2024-06-13,29.5098,-0.270854,1.57093,0.361647,21.3482,core,13.6958
2024-06-12,29.8615,0.339659,2.53404,0.490744,21.7694,core,14.0046
2024-06-11,29.4219,-0.0690444,1.9804,1.39755,21.7854,core,13.6187
2024-06-10,29.5113,1.10234,2.05086,1.20085,22.2759,core,13.6972
2024-06-07,28.0993,-0.731417,1.2343,-0.496653,20.886,core,12.4575
2024-06-06,29.0431,-0.14257,2.27311,0.400925,22.065,core,13.2861
2024-06-05,29.2273,1.2451,2.61491,1.29719,21.479,core,13.4479
2024-06-04,27.6381,-0.2629,2.27469,-0.816139,20.6858,core,12.0527
2024-06-03,27.9746,-0.593515,2.54428,-1.08938,20.6755,core,12.3481
2024-05-31,28.7386,0.164043,4.18594,-0.767193,21.8087,core,13.0188
2024-05-30,28.5278,0.748848,4.64159,0.0664808,22.4139,core,12.8337
2024-05-29,27.5725,-0.867143,2.83161,-0.874103,21.2315,core,11.9951
2024-05-28,28.6884,-0.537661,3.81682,-0.137904,22.2725,core,12.9747
2024-05-27,29.384,-0.269717,4.37802,0.876704,22.7854,core,13.5854
2024-05-24,29.734,1.00554,4.76084,1.22694,24.1597,core,13.8926
2024-05-23,28.4424,-0.198149,3.35951,0.504087,23.3381,core,12.7588
2024-05-22,28.6974,-0.130893,4.0811,0.176072,23.115,core,12.9827
2024-05-21,28.8661,0.472886,4.58191,1.0661,22.2348,core,13.1307
2024-05-20,28.2596,0.0765394,4.08969,1.26921,21.7279,core,12.5983
2024-05-17,28.1615,0.284267,3.59985,0.987212,21.8853,core,12.5122
2024-05-16,27.7982,-0.523872,3.27974,0.414693,21.6899,core,12.1932
2024-05-15,28.4712,0.756412,3.79913,1.52825,23.0119,core,12.7841
2024-05-14,27.5067,0.674795,2.51135,1.05547,20.6761,core,11.9374
2024-05-13,26.6521,-0.202134,1.82424,0.570002,20.3743,core,11.1871
2024-05-10,26.9086,-0.284267,1.96345,1.69016,21.0286,core,11.4123
2024-05-09,27.2704,0.57928,1.62705,2.4273,21.2902,core,11.7299
2024-05-08,26.5374,0.287227,1.07713,2.40452,20.8638,core,11.0864
2024-05-07,26.175,0.191152,1.09621,2.72605,20.3108,core,10.7682
2024-05-06,25.9343,0.909425,0.903333,1.51111,19.3068,core,10.5569
2024-05-03,24.7993,0.43856,0.0214262,0.679392,18.7866,core,9.56053
2024-05-02,24.2544,0.55691,-0.0688312,0.46315,17.5299,core,9.08214
2024-05-01,23.5662,0.602106,-0.810016,-0.219622,17.1719,core,8.47801
2024-04-30,22.8267,-0.993803,-2.02775,-1.15954,16.331,core,7.82877
2024-04-29,24.0596,0.082636,-1.04432,0.330368,17.0702,core,8.91113
2024-04-26,23.9572,0.222835,-1.09888,0.598042,17.696,core,8.82121
2024-04-25,23.6816,-0.126499,-0.78242,0.280527,22.8767,core,8.57925
2024-04-24,23.8382,-0.345558,-0.751796,0.105114,22.7696,core,8.71678
2024-04-23,24.2676,0.498608,0.0513389,0.426517,21.9671,core,9.09376
2024-04-22,23.6511,0.349649,-0.445051,-0.0953191,22.1989,core,8.55251
2024-04-19,23.2203,-0.0934953,-0.715368,-0.934854,21.8766,core,8.17428
2024-04-18,23.3356,-0.3012,0.181082,-1.49948,22.4092,core,8.27551
2024-04-17,23.7082,-0.0256021,0.86885,-0.607916,23.0635,core,8.60262
2024-04-16,23.7399,-0.0236023,0.873845,-1.19215,23.4146,core,8.63043
2024-04-15,23.7691,-0.493625,0.89766,-1.1342,24.0683,core,8.65608
2024-04-12,24.3831,-0.662912,1.21634,-0.339564,23.409,core,9.19509
2024-04-11,25.2131,0.601206,2.1193,1.20892,24.6906,core,9.92379
2024-04-10,24.4648,-0.613256,1.73996,-0.246663,23.433,core,9.26687
2024-04-09,25.2328,0.035035,2.37549,0.718066,24.7713,core,9.94109
2024-04-08,25.189,0.306155,2.33963,0.492585,25.393,core,9.90259
2024-04-05,24.8069,0.880552,1.6038,-0.448277,25.0103,core,9.56714
2024-04-04,23.7175,-0.845641,1.30826,-1.31723,23.9624,core,8.61077
2024-04-03,24.7726,0.347927,1.87388,-0.448278,25.0001,core,9.53706
2024-04-02,24.34,-0.188916,1.31648,-0.254238,23.2238,core,9.15727
2024-04-01,24.5753,-0.632962,1.50824,-0.161055,23.5479,core,9.36388
2024-03-28,25.3689,0.0274635,3.8517,1.23294,25.49,core,10.0605
2024-03-27,25.3344,0.543519,4.64785,0.988129,26.0949,core,10.0303
2024-03-26,24.6569,-0.0956728,4.03922,1.25435,24.8503,core,9.4355
2024-03-25,24.7763,0.460865,4.13885,1.73975,25.106,core,9.5403
2024-03-22,24.2039,0.292231,4.77312,1.25211,25.3146,core,9.03778
2024-03-21,23.842,-0.214431,4.53645,1.41299,24.9593,core,8.72007
2024-03-20,24.1081,0.80857,4.61912,0.99258,24.0569,core,8.9537
2024-03-19,23.1126,0.383257,3.77998,0.406233,23.872,core,8.0798
2024-03-18,22.6426,-0.0206511,3.38376,0.250441,24.5613,core,7.66716
2024-03-15,22.6679,0.451592,3.34658,0.278742,22.8795,core,7.6894
2024-03-14,22.1165,-0.628099,4.4415,-0.833345,23.7442,core,7.20527
2024-03-13,22.8883,0.223291,3.83963,0.0419419,23.2091,core,7.88288
2024-03-12,22.6145,0.227501,3.51944,0.405116,23.7701,core,7.64252
2024-03-11,22.3362,0.0075736,3.28447,-0.115358,22.2574,core,7.39819
2024-03-08,22.327,-0.662412,2.9959,-0.323802,20.9703,core,7.39005
2024-03-07,23.1427,0.249,3.71999,0.975353,20.5953,core,8.10616
2024-03-06,22.8368,0.587123,4.34814,1.0345,21.5617,core,7.83765
2024-03-05,22.1198,-0.292052,3.41795,1.16029,19.6492,core,7.2082
2024-03-04,22.4775,-0.201127,3.72087,2.26246,19.6366,core,7.52222
2024-03-01,22.7243,0.63233,4.64252,2.4263,21.2676,core,7.73892
2024-02-29,21.9532,0.307722,3.49956,2.20992,20.5726,core,7.06193
2024-02-28,21.5791,0.712355,3.1644,2.55895,20.5775,core,6.73349
2024-02-27,20.7191,0.794297,2.8316,1.90042,19.478,core,5.97855
2024-02-26,19.7678,-0.0412411,2.02125,0.9604,19.089,core,5.14339
2024-02-23,19.8172,0.419744,2.93885,1.00205,18.3556,core,5.18677
2024-02-22,19.3164,0.65026,2.38062,-0.0402834,18.4506,core,4.7471
2024-02-21,18.5455,0.065681,1.99966,-0.126499,18.3295,core,4.07038
2024-02-20,18.4677,-0.13552,1.93205,1.32088,16.1949,core,4.00207
2024-02-16,18.6285,-0.616585,3.15465,0.154158,17.0055,core,4.1432
2024-02-15,19.3645,0.563449,3.37135,0.799421,17.119,core,4.78932
2024-02-14,18.6957,1.51585,2.44808,-0.06152,16.7952,core,4.20219
2024-02-13,16.9233,-1.20076,1.12755,-1.51842,14.4847,core,2.64623
2024-02-12,18.3443,-0.0857438,2.3566,0.531858,16.2648,core,3.89374
2024-02-09,18.4459,0.023712,2.67736,0.306677,16.6744,core,3.9829
2024-02-08,18.4178,-0.295477,3.18197,-0.0375358,16.3008,core,3.95825
2024-02-07,18.7688,0.035953,3.28389,1.26974,15.4633,core,4.26634
2024-02-06,18.7261,0.856131,3.86256,0.760763,16.4142,core,4.22886
2024-02-05,17.7182,-0.309541,2.9809,-0.111648,15.303,core,3.3441
2024-02-02,18.0838,-0.31953,3.6624,0.58674,14.8121,core,3.66499
2024-02-01,18.4623,1.00843,3.99729,0.640222,15.8211,core,3.99729
2024-01-31,17.2796,-0.466828,2.4396,0.758705,14.8529,core,2.95902
2024-01-30,17.8297,-0.0171048,2.92006,1.10492,17.3172,core,3.44192
2024-01-29,17.8498,0.387463,2.93767,1.40105,16.3938,core,3.45961
2024-01-26,17.395,-0.26653,2.57004,1.00902,15.4848,core,3.06029
2024-01-25,17.7087,1.12735,2.30422,1.85206,16.4619,core,3.33571
2024-01-24,16.3965,-0.124824,1.30279,1.21379,15.1789,core,2.18375
2024-01-23,16.542,0.275736,1.42939,0.927013,15.4507,core,2.31146
2024-01-22,16.2215,-0.000648077,1.15049,0.312574,15.2176,core,2.03012
2024-01-19,16.2223,0.565869,1.36316,0.521205,16.1977,core,2.03078
2024-01-18,15.5683,0.493619,-0.297702,0.153024,15.4612,core,1.45667
2024-01-17,15.0006,-0.407811,-0.0204185,-0.309249,14.1009,core,0.958321
2024-01-16,15.4715,-0.334738,0.415192,0.614753,14.2907,core,1.37173
2024-01-15,15.8594,0.207331,0.752449,0.75382,14.835,core,1.7122
2024-01-12,15.6196,0.197525,0.46574,1.14503,14.2772,core,1.50175
2024-01-11,15.3917,0.0297741,1.60603,1.10769,14.4586,core,1.30166
2024-01-10,15.3574,0.515278,1.7518,1.26897,15.7482,core,1.2715
2024-01-09,14.766,-0.196983,1.40157,0.752348,15.3702,core,0.752348
2024-01-08,14.9925,0.596417,1.60171,0.441918,14.7337,core,0.951206
2024-01-05,14.3108,0.160537,1.32656,-0.153583,16.7034,core,0.352685
2024-01-04,14.1275,0.189338,1.21133,-0.354542,14.2712,core,0.19184
2024-01-03,13.9119,0.00249718,1.40793,-0.473211,16.3204,core,0.00249718
2024-01-02,13.909,-0.504488,0.746793,-0.998195,16.4504,core,-
2023-12-29,14.4866,-0.0410542,2.19981,-0.359458,16.1926,core,16.9072
2023-12-28,14.5336,0.0700205,2.31774,-0.6854,18.328,core,16.9552
2023-12-27,14.4535,-0.524996,2.1833,-0.179488,16.8594,core,16.8734
2023-12-26,15.0575,0.137434,2.4619,-0.73836,16.6589,core,17.4902
2023-12-22,14.8996,-0.368037,2.3037,-0.0821663,17.0271,core,17.329
2023-12-21,15.324,0.579781,2.92628,-0.274271,16.6845,core,17.7624
2023-12-20,14.6593,-1.08193,2.35449,-0.368766,16.893,core,17.0836
2023-12-19,15.9134,0.773103,3.7319,2.06536,17.6962,core,18.3642
2023-12-18,15.0241,0.0261115,2.9361,1.45785,16.5717,core,17.4561
2023-12-15,14.9941,-0.559593,3.73621,1.60309,16.5407,core,17.4255
2023-12-14,15.6412,0.484477,3.60734,2.37617,15.4004,core,18.0863
2023-12-13,15.0837,1.33477,4.73005,2.01167,13.9072,core,17.5169
2023-12-12,13.5678,0.173278,3.45839,0.714929,12.8958,core,15.969
2023-12-11,13.3713,0.169305,3.27943,0.926733,14.2136,core,15.7684
2023-12-08,13.1797,0.197032,3.50722,0.101765,12.7894,core,15.5727
2023-12-07,12.9572,0.126712,3.71976,0.639447,12.9486,core,15.3455
2023-12-06,12.8142,0.0466361,3.71807,0.706912,13.472,core,15.1995
2023-12-05,12.7616,0.383943,3.12368,0.73475,13.7338,core,15.1458
2023-12-04,12.3303,-0.649472,2.72926,0.28778,11.7313,core,14.7054
2023-12-01,13.0647,0.735226,5.32487,0.687201,12.7784,core,15.4552
2023-11-30,12.2394,0.193834,6.13443,0.0221358,11.0984,core,14.6126
2023-11-29,12.0223,0.0742915,5.90622,-0.258167,13.7136,core,14.3908
2023-11-28,11.9391,-0.0614702,6.53705,-0.0947297,14.2996,core,14.3059
2023-11-27,12.008,-0.253784,6.60258,-0.0122513,13.5578,core,14.3762
2023-11-24,12.293,0.0698436,6.3536,0.491977,14.043,core,14.6672
2023-11-23,12.2146,-0.0869509,5.56408,1.03559,13.8137,core,14.5872
2023-11-22,12.3123,0.238274,6.01184,1.31693,13.7906,core,14.6869
2023-11-21,12.0453,0.0210357,5.8176,0.385614,15.1874,core,14.4143
2023-11-20,12.0217,0.249226,5.79534,1.94359,15.4626,core,14.3902
2023-11-17,11.7432,0.611172,4.30669,1.79625,15.5924,core,14.1059
2023-11-16,11.0644,0.191266,2.67359,1.99545,14.8593,core,13.4127
2023-11-15,10.8524,-0.683127,2.3575,1.37881,13.6484,core,13.1962
2023-11-14,11.6149,1.57335,3.29666,2.48725,15.9274,core,13.9748
2023-11-13,9.88599,0.104331,1.69662,1.02595,12.6073,core,12.2094
2023-11-10,9.77146,0.808057,1.07925,0.389104,11.8225,core,12.0924
2023-11-09,8.89156,-0.414463,0.629106,-0.0180138,16.3256,core,11.1939
2023-11-08,9.34475,0.402768,1.49418,1.85961,14.851,core,11.6567
2023-11-07,8.90611,0.125081,1.23298,2.98241,14.634,core,11.2088
2023-11-06,8.77006,-0.526706,1.10652,2.83154,13.2803,core,11.0698
2023-11-03,9.34599,0.39924,2.42967,4.06904,15.511,core,11.6579
2023-11-02,8.91117,1.45571,2.62542,3.17411,15.2833,core,11.2139
2023-11-01,7.34849,1.50951,0.476,1.67063,11.7626,core,9.61821
2023-10-31,5.75215,-0.0215981,-1.39303,-0.515366,10.4836,core,7.98812
2023-10-30,5.77499,0.670376,-1.37173,-0.1587,10.6126,core,8.01145
2023-10-27,5.07063,-0.46413,-1.76527,-0.769393,11.3901,core,7.29218
2023-10-26,5.56056,-0.0227234,-1.06448,-0.905053,11.7397,core,7.79248
2023-10-25,5.58456,-0.673026,-1.96147,-1.44212,11.5876,core,7.81698
2023-10-24,6.29998,0.336838,-1.2137,-1.73091,14.5897,core,8.54753
2023-10-23,5.94313,0.0546117,-1.54533,-2.17557,13.8841,core,8.18313
2023-10-20,5.8853,-0.600207,-2.53426,-2.00591,15.647,core,8.12408
2023-10-19,6.52467,-0.564572,-2.44425,-1.26291,15.7184,core,8.77697
2023-10-18,7.12949,-0.96407,-2.61969,-1.35352,15.5968,core,9.39458
2023-10-17,8.17235,-0.11718,-1.53842,-0.0355273,16.8636,core,10.4595
2023-10-16,8.29926,0.228137,-1.42291,0.523745,19.4571,core,10.5891
2023-10-13,8.05275,0.153458,-1.56255,0.439745,16.8627,core,10.3374
2023-10-12,7.88719,-0.655822,-1.75976,0.770165,18.5919,core,10.1683
2023-10-11,8.5994,0.359123,-1.43393,1.73031,19.1921,core,10.8956
2023-10-10,8.21079,0.441635,-1.66709,1.96547,18.7482,core,10.4987
2023-10-09,7.735,0.144384,-2.09946,0.837767,17.4701,core,10.0129
2023-10-06,7.57967,0.482936,-2.33528,0.311009,16.505,core,9.85428
2023-10-05,7.06263,0.290736,-2.9715,-0.289578,15.7352,core,9.3263
2023-10-04,6.75226,0.59111,-3.48557,-0.19304,14.0039,core,9.00937
2023-10-03,6.12494,-0.66921,-4.05272,-0.535521,14.7417,core,8.36879
2023-10-02,6.83993,-0.378753,-3.4063,-0.795815,18.8479,core,9.0989
2023-09-29,7.24613,-0.11868,-2.80792,-0.334434,18.7974,core,9.51368
2023-09-28,7.37356,0.387835,-2.52388,-0.0836417,16.6589,core,9.64381
2023-09-27,6.95873,0.245939,-1.80975,-1.54618,18.5915,core,9.22021
2023-09-26,6.69633,-0.929154,-1.48012,-2.28705,18.9405,core,8.95226
2023-09-25,7.697,0.084568,-0.556129,-2.10384,19.4326,core,9.97408
2023-09-22,7.606,0.132655,-0.630499,-2.05393,17.8655,core,9.88116
2023-09-21,7.46344,-1.08161,0.288623,-2.82954,17.2051,core,9.73559
2023-09-20,8.63848,-0.508411,1.25294,-1.02894,18.2018,core,10.9355
2023-09-19,9.19364,-0.743396,1.76315,-0.570129,17.3254,core,11.5024
2023-09-18,10.0115,0.13559,2.52532,-0.152335,19.0728,core,12.3375
2023-09-15,9.86249,-0.660269,2.2219,-0.166165,18.7636,core,12.1854
2023-09-14,10.5927,0.751382,2.57883,0.668688,18.7278,core,12.931
2023-09-13,9.76793,-0.0471886,0.853126,-0.348696,19.4017,core,12.0888
2023-09-12,9.81975,-0.32633,0.88967,-0.472777,15.8002,core,12.1417
2023-09-11,10.1793,0.12172,1.21998,-0.387189,16.3522,core,12.5089
2023-09-08,10.0454,0.170452,1.02726,-0.50829,16.9734,core,12.3721
2023-09-07,9.8581,-0.266837,0.962139,-0.296694,17.1397,core,12.1809
2023-09-06,10.152,-0.171645,0.920224,-0.174438,19.5527,core,12.481
2023-09-05,10.3414,-0.240616,1.42126,0.170414,19.1107,core,12.6744
2023-09-01,10.6076,0.38349,2.10503,2.13139,18.9081,core,12.9462
2023-08-31,10.185,-0.144544,1.13573,2.59569,18.9007,core,12.5147
2023-08-30,10.3445,0.173216,0.923279,1.8984,19.0697,core,12.6776
2023-08-29,10.1537,1.1233,1.12908,2.79927,17.5683,core,12.4827
2023-08-28,8.93009,0.582471,0.00571623,1.52473,16.6134,core,11.2333
2023-08-25,8.29928,0.839847,-0.605623,0.929655,13.2574,core,10.5891
2023-08-24,7.39731,-0.823214,-1.43291,0.224215,13.7403,core,9.66806
2023-08-23,8.28876,1.05884,-0.68466,0.757612,14.1496,core,10.5784
2023-08-22,7.15417,-0.130463,-1.64164,-0.610535,13.1016,core,9.41978
2023-08-21,7.29415,-0.00707919,-1.51315,-1.41975,11.9843,core,9.56272
2023-08-18,7.30174,0.135035,-1.86127,-1.42358,11.0425,core,9.57048
2023-08-17,7.15705,-0.295391,-2.14896,-1.51502,11.761,core,9.42272
2023-08-16,7.47452,-0.313402,-1.47403,-1.3329,10.6228,core,9.7469
2023-08-15,7.8124,-0.943582,-0.598696,-0.917902,12.167,core,10.0919
2023-08-14,8.83939,-0.0109707,0.348171,-0.282398,13.5947,core,11.1406
2023-08-11,8.85133,0.0421493,0.469809,0.051631,14.7926,core,11.1528
2023-08-10,8.80547,-0.11101,1.11282,0.354742,13.908,core,11.106
2023-08-09,8.92639,0.105879,1.72601,0.553097,16.0205,core,11.2295
2023-08-08,8.81118,-0.308243,1.59708,-0.125272,14.4773,core,11.1118
2023-08-07,9.14762,0.323968,1.91121,-0.171416,15.8035,core,11.4554
2023-08-04,8.79516,0.345231,1.38364,-0.118161,15.2011,core,11.0955
2023-08-03,8.42086,0.0864247,0.368874,0.234315,14.5135,core,10.7133
2023-08-02,8.32724,-0.569473,0.258993,-0.579966,15.9119,core,10.6177
2023-08-01,8.94766,-0.354302,0.933306,-0.0100227,15.9919,core,11.2512
2023-07-31,9.33504,0.377487,1.29219,0.274922,16.4869,core,11.6468
2023-07-28,8.92387,0.699343,2.04846,-0.0172107,16.5408,core,11.2269
2023-07-27,8.16741,-0.726655,1.79758,-0.617132,16.7273,core,10.4544
2023-07-26,8.95916,0.000530554,3.15294,-0.345385,19.3218,core,11.2629
2023-07-25,8.95858,-0.0703377,3.5431,-0.50388,18.1246,core,11.2623
2023-07-24,9.03528,0.0850552,3.61598,-0.043218,18.8003,core,11.3407
2023-07-21,8.94262,0.0951224,2.65289,0.443343,18.3212,core,11.246
2023-07-20,8.83909,-0.455207,2.32022,-0.0454165,19.3081,core,11.1403
2023-07-19,9.33679,-0.158515,2.45143,0.917891,19.4395,core,11.6486
2023-07-18,9.51038,0.392331,2.43592,1.76789,21.5895,core,11.8258
2023-07-17,9.08242,0.57224,2.03561,1.87172,19.8135,core,11.3888
2023-07-14,8.46176,-0.391942,1.62658,1.27082,21.6374,core,10.755
2023-07-13,8.88854,0.50415,2.10333,2.03148,21.2437,core,11.1908
2023-07-12,8.34233,0.682419,1.9496,0.961659,20.7269,core,10.6331
2023-07-11,7.60799,0.494758,1.59624,-0.383622,20.0077,core,9.8832
2023-07-10,7.07821,-0.0209919,1.09606,-0.897001,18.7181,core,9.34222
2023-07-07,7.1007,0.356229,1.30918,-0.777794,17.7227,core,9.36518
2023-07-06,6.72053,-0.549661,0.32171,-0.304906,18.3721,core,8.97697
2023-07-05,7.31037,-0.659142,1.4653,0.53681,20.2484,core,9.57928
2023-07-04,8.02239,-0.0231472,1.86134,1.6611,20.7987,core,10.3064
2023-07-03,8.0474,0.0992688,1.88493,2.28976,20.9336,core,10.3319
2023-06-30,7.94025,0.834521,2.8057,2.57538,22.0704,core,10.2225
2023-06-29,7.04692,0.289989,1.72614,1.43745,20.7393,core,9.31026
2023-06-28,6.73739,0.451777,1.41589,0.574985,20.208,core,8.99419
2023-06-27,6.25735,0.595097,0.838189,-0.106884,18.1773,core,8.504
2023-06-26,5.62875,0.378769,0.241653,-1.0231,16.3469,core,7.86211
2023-06-23,5.23018,-0.284095,1.04833,-1.56778,18.4191,core,7.45511
2023-06-22,5.52998,-0.562719,0.952441,-1.8347,19.7115,core,7.76125
2023-06-21,6.12718,-0.229257,0.66598,-0.560879,20.2625,core,8.37108
2023-06-20,6.37104,-0.327554,0.954061,-0.257294,21.8415,core,8.6201
2023-06-19,6.72061,-0.17363,1.28583,0.423568,22.651,core,8.97705
2023-06-16,6.90623,-0.5545,1.79653,0.933684,23.7212,core,9.1666
2023-06-15,7.50233,0.727613,2.93407,1.44888,20.9873,core,9.7753
2023-06-14,6.72578,0.0753401,1.00837,0.954543,21.7764,core,8.98234
2023-06-13,6.64543,0.352829,1.35935,0.251119,21.8856,core,8.90029
2023-06-12,6.27048,0.333452,1.00298,0.482053,18.432,core,8.51741
2023-06-09,5.9173,-0.046898,0.940423,-0.123684,16.9563,core,8.15676
2023-06-08,5.967,0.236788,1.21567,0.26281,15.2224,core,8.20751
2023-06-07,5.71667,-0.621957,0.803271,0.687898,13.4269,core,7.95189
2023-06-06,6.3783,0.583997,0.779983,1.09075,14.9925,core,8.62751
2023-06-05,5.76066,-0.271389,0.194848,0.48785,14.5078,core,7.99681
2023-06-02,6.04846,0.339893,0.309241,0.639957,13.0484,core,8.2907
2023-06-01,5.68923,0.661765,0.220019,1.14807,14.3641,core,7.92387
2023-05-31,4.99442,-0.224343,-0.558222,0.82194,12.607,core,7.21436
2023-05-30,5.23049,-0.0158834,-0.698062,0.665945,11.4804,core,7.45543
2023-05-29,5.24721,-0.120431,-0.682287,-0.168706,11.0958,core,7.4725
2023-05-26,5.37411,0.846491,4.68843,0.00790153,12.4582,core,7.60209
2023-05-25,4.48962,0.337203,3.588,-0.627349,12.9042,core,6.69889
2023-05-24,4.13846,-0.378719,2.21056,-0.838952,13.874,core,6.34031
2023-05-23,4.53435,-0.844881,3.30666,0.0922097,13.9021,core,6.74457
2023-05-22,5.42507,0.0562617,4.18692,-0.222664,15.885,core,7.65412
2023-05-19,5.36579,0.205914,4.57443,0.143132,15.3816,core,7.59359
2023-05-18,5.14927,0.123546,4.6013,0.277375,15.7131,core,7.37249
2023-05-17,5.01953,0.556765,4.7435,0.0848345,12.7183,core,7.24
2023-05-16,4.43805,-1.15681,4.69058,-0.244715,13.0544,core,6.64623
2023-05-15,5.66034,0.423081,5.91582,0.749555,13.2457,core,7.89436
2023-05-12,5.21519,0.340241,4.77611,-0.321913,14.6679,core,7.43981
2023-05-11,4.85842,-0.0686996,3.98911,-0.19358,14.2743,core,7.07549
2023-05-10,4.93051,0.225661,4.54383,-0.748213,14.0064,core,7.1491
2023-05-09,4.69425,-0.171628,4.86492,-0.723473,14.3857,core,6.90785
2023-05-08,4.87425,-0.644916,5.0452,-0.672037,8.35547,core,7.09165
2023-05-05,5.55499,0.469427,5.76396,-0.39185,8.84626,core,7.78679
2023-05-04,5.0618,-0.624027,5.25341,-0.244914,5.0618,core,7.28317
2023-05-03,5.72153,0.250644,4.77247,5.03358,5.72153,core,7.95685
2023-05-02,5.45721,-0.119906,4.58745,4.54724,5.45721,core,7.68694
2023-05-01,5.58381,-0.364653,4.71301,3.62915,-,core,7.81622
2023-04-28,5.97023,0.617633,6.07264,4.72568,-,core,8.21081
2023-04-27,5.31974,4.63441,5.95881,4.17127,-,core,7.54657
2023-04-26,0.654979,-0.213549,0.811115,-0.100997,-,core,2.78318
2023-04-25,0.870387,-0.997012,1.13691,0.344715,-,core,3.00314
2023-04-24,1.88621,0.689617,2.15541,1.61842,-,core,4.04043
2023-04-21,1.18839,0.0849699,2.10135,1.43307,-,core,3.32787
2023-04-20,1.10249,0.343149,1.06076,0.310771,-,core,3.24014
2023-04-19,0.756741,0.231661,1.37822,0.336269,-,core,2.88709
2023-04-18,0.523867,0.259661,2.09655,-0.309511,-,core,2.64929
2023-04-17,0.263521,0.505959,1.83213,-0.105959,-,core,2.38344
2023-04-14,-0.241217,-1.02241,1.0885,-0.0785988,-,core,1.86803
2023-04-13,0.789263,0.368655,1.05234,0.953561,-,core,2.9203
2023-04-12,0.419063,-0.413446,1.36549,0.617865,-,core,2.54227
2023-04-11,0.835965,0.464375,0.770961,1.01987,-,core,2.96799
2023-04-10,0.369873,0.533487,0.305169,-0.531142,-,core,2.49204
2023-04-06,-0.162746,0.0349041,-1.19908,-0.18216,-,core,1.94816
2023-04-05,-0.197581,-0.0155622,-2.21666,-0.101133,-,core,1.91259
2023-04-04,-0.182048,-1.07811,-2.49736,0.423637,-,core,1.92845
2023-04-03,0.905826,0.0736051,-1.43472,1.06235,-,core,3.03933
2023-03-31,0.831609,0.812002,-0.309829,1.09802,-,core,2.96354
2023-03-30,0.0194495,0.116108,-0.804501,0.913945,-,core,2.13421
2023-03-29,-0.0965463,0.509657,-1.12364,0.804821,-,core,2.01576
2023-03-28,-0.603129,-0.448945,-1.16646,-0.644149,-,core,1.49847
2023-03-27,-0.15488,0.108929,-0.72075,0.460976,-,core,1.95619
2023-03-24,-0.263522,0.628443,-0.987222,1.29684,-,core,1.84525
2023-03-23,-0.886395,0.00784604,-1.067,-0.715463,-,core,1.20921
2023-03-22,-0.89417,-0.935069,-2.79553,0.426842,-,core,1.20127
2023-03-21,0.041285,0.65835,-1.87802,0.302406,-,core,2.15651
2023-03-20,-0.61303,0.941867,-2.51978,0.323667,-,core,1.48836
2023-03-17,-1.54039,-1.37058,-3.39264,-1.60386,-,core,0.54139
2023-03-16,-0.172163,1.15847,-1.77054,-1.27932,-,core,1.93854
2023-03-15,-1.3154,-1.05782,-3.37363,-3.35678,-,core,0.771138
2023-03-14,-0.260334,0.679686,-2.01291,-1.29565,-,core,1.84851
2023-03-13,-0.933674,-0.997537,-2.67442,-2.93786,-,core,1.16093
2023-03-10,0.0645062,-1.04527,-1.72437,-2.25652,-,core,2.18022
2023-03-09,1.1215,-0.970295,-1.6928,-0.0788413,-,core,3.25956
2023-03-08,2.11229,1.05235,0.123917,0.956356,-,core,4.2713
2023-03-07,1.04891,-0.995385,-1.02429,0.216476,-,core,3.18543
2023-03-06,2.06484,-0.302582,-0.0291956,1.01553,-,core,4.22285
2023-03-03,2.37461,1.15939,0.0921165,1.79441,-,core,4.53917
2023-03-02,1.20129,0.0556669,-0.892693,-0.0332424,-,core,3.34104
2023-03-01,1.14499,0.311763,0.705045,0.411065,-,core,3.28354
2023-02-28,0.830633,-0.205989,-0.415131,0.646895,-,core,2.96254
2023-02-27,1.03876,0.466127,-0.209574,-0.899677,-,core,3.17507
2023-02-24,0.569978,-0.656853,-0.495235,-1.35947,-,core,2.69638
2023-02-23,1.23494,0.50037,0.175908,-0.150062,-,core,3.3754
2023-02-22,0.730916,0.54736,-0.212291,-1.16406,-,core,2.86072
2023-02-21,0.182557,-1.73945,-0.682801,-1.4215,-,core,2.30076
2023-02-17,1.95604,0.561166,1.8616,0.164513,-,core,4.11174
2023-02-16,1.38709,-0.520236,0.593862,-0.129275,-,core,3.53076
2023-02-15,1.9173,0.285468,0.875057,0.0953006,-,core,4.07218
2023-02-14,1.62718,-0.492426,0.728622,-1.20119,-,core,3.77594
2023-02-13,2.1301,0.335518,1.22709,0.141378,-,core,4.28948
2023-02-10,1.78858,0.266215,0.965454,-0.299792,-,core,3.94074
2023-02-09,1.51832,-0.29654,1.86227,-1.29436,-,core,3.66477
2023-02-08,1.82026,-1.01349,2.35633,-0.449873,-,core,3.9731
2023-02-07,2.86276,0.859777,2.63126,0.734403,-,core,5.03764
2023-02-06,1.98591,-0.106508,1.75638,1.54231,-,core,4.14225
2023-02-03,2.09465,-0.734,2.2232,0.833271,-,core,4.25329
2023-02-02,2.84957,0.556484,5.02416,1.17608,-,core,5.02416
2023-02-01,2.28039,0.164083,4.56238,1.19706,-,core,4.44296
2023-01-31,2.11284,1.66869,4.39109,1.04463,-,core,4.27186
2023-01-30,0.436861,-0.804038,2.67771,-0.503593,-,core,2.56044
2023-01-27,1.25096,-0.396518,4.60534,0.37637,-,core,3.39175
2023-01-26,1.65403,0.577338,3.79087,1.63253,-,core,3.80335
2023-01-25,1.07052,0.0132004,2.47727,0.976899,-,core,3.2075
2023-01-24,1.05718,0.110913,2.46374,0.266532,-,core,3.19387
2023-01-23,0.945213,0.0732676,2.35022,-0.0870859,-,core,3.07955
2023-01-20,0.871307,0.849973,2.06128,-0.0205713,-,core,3.00408
2023-01-19,0.0211546,-0.0714893,1.96975,-1.1402,-,core,2.13595
2023-01-18,0.0927101,-0.690387,1.63219,-0.716702,-,core,2.20902
2023-01-17,0.788542,-0.242156,2.1446,1.13001,-,core,2.91956
2023-01-16,1.0332,0.139889,2.39255,1.56512,-,core,3.16939
2023-01-13,0.892062,-0.279402,0.681942,0.664993,-,core,3.02527
2023-01-12,1.17475,0.356584,0.140477,3.29241,-,core,3.31393
2023-01-11,0.815255,1.15682,0.218728,0.942195,-,core,2.94684
2023-01-10,-0.337654,0.187051,0.402731,1.76955,-,core,1.76955
2023-01-09,-0.523725,-0.747608,0.215277,1.69569,-,core,1.57955
2023-01-06,0.22557,2.32337,0.217951,2.46171,-,core,2.34469
2023-01-05,-2.05017,-1.92683,-1.47901,-0.590602,-,core,0.0208345
2023-01-04,-0.125754,1.98593,0.735314,3.18301,-,core,1.98593
2023-01-03,-2.07057,0.11434,-2.59279,-0.0120291,-,core,-
2022-12-30,-2.18241,-0.724821,-3.17684,-0.820937,-,core,-2.18241
2022-12-29,-1.46823,1.79606,0.0193874,0.356213,-,core,-1.46823
2022-12-28,-3.2067,-1.17204,-1.16559,-2.06484,-,core,-3.2067
2022-12-27,-2.05879,-0.69559,-0.703598,-0.150712,-,core,-2.05879
2022-12-23,-1.37275,0.45347,0.0327608,-0.0457664,-,core,-1.37275
2022-12-22,-1.81797,-0.659729,-0.525666,-0.497498,-,core,-1.81797
2022-12-21,-1.16593,0.759535,1.60573,-1.37177,-,core,-1.16593
2022-12-20,-1.91096,-0.402291,1.10198,-2.91368,-,core,-1.91096
2022-12-19,-1.51476,-0.189689,1.51034,-2.0975,-,core,-1.51476
2022-12-16,-1.32759,-0.000518163,2.0439,-0.594556,-,core,-1.32759
2022-12-15,-1.32708,-1.53257,1.16172,-1.66735,-,core,-1.32708
2022-12-14,0.208697,-0.815697,4.0805,0.20108,-,core,0.208697
2022-12-13,1.03282,0.435003,3.53489,1.62195,-,core,1.03282
2022-12-12,0.595225,1.34254,3.08646,1.46251,-,core,0.595225
2022-12-09,-0.737415,-1.07972,6.03925,-1.26675,-,core,-0.737415
2022-12-08,0.346041,0.338414,5.39914,0.0919641,-,core,0.346041
2022-12-07,0.00760178,0.590752,5.26749,-1.00909,-,core,0.00760178
2022-12-06,-0.579725,0.277429,3.54278,0.921311,-,core,-0.579725
2022-12-05,-0.854783,-1.38349,3.25632,1.23592,-,core,-0.854783
2022-12-02,0.536124,0.281566,6.41827,1.92722,-,core,0.536124
2022-12-01,0.253844,-0.76535,4.3762,1.81622,-,core,0.253844
2022-11-30,1.02705,2.55235,5.54713,2.46676,-,core,1.02705
2022-11-29,-1.48733,0.590029,3.01817,-0.190676,-,core,-1.48733
2022-11-28,-2.06518,-0.710077,2.4139,0.681266,-,core,-2.06518
2022-11-25,-1.36479,0.172356,4.40898,1.66492,-,core,-1.36479
2022-11-24,-1.5345,-0.131301,4.0638,1.85726,-,core,-1.5345
2022-11-23,-1.40505,-0.107306,6.28376,1.96379,-,core,-1.40505
2022-11-22,-1.29913,1.46879,6.09901,1.19037,-,core,-1.29913
2022-11-21,-2.72786,0.259981,4.56319,1.03049,-,core,-2.72786
2022-11-18,-2.98009,0.361873,5.39334,-0.5774,-,core,-2.98009
2022-11-17,-3.32992,-0.0268489,4.31073,-1.52367,-,core,-3.32992
2022-11-16,-3.30395,-0.865018,4.46521,3.2975,-,core,-3.30395
2022-11-15,-2.46022,1.30847,7.58908,2.45157,-,core,-2.46022
2022-11-14,-3.72001,-1.33564,6.1995,1.34382,-,core,-3.72001
2022-11-11,-2.41665,-0.593332,7.26569,1.6297,-,core,-2.41665
2022-11-10,-1.8342,4.86759,7.74077,3.70047,-,core,-1.8342
2022-11-09,-6.39072,-1.67686,2.72483,-0.913848,-,core,-6.39072
2022-11-08,-4.79425,0.213083,3.80869,-0.879465,-,core,-4.79425
2022-11-07,-4.99669,-1.05733,3.58796,-0.746123,-,core,-4.99669
2022-11-04,-3.98146,1.43215,3.79647,0.409982,-,core,-3.98146
2022-11-03,-5.33717,0.201341,1.09325,0.356297,-,core,-5.33717
2022-11-02,-5.52738,-1.64274,2.14329,0.0027224,-,core,-5.52738
2022-11-01,-3.94952,0.347894,6.84583,1.51147,-,core,-3.94952
2022-10-31,-4.28251,0.0951539,6.47541,3.18189,-,core,-4.28251
2022-10-28,-4.37351,1.37792,3.89601,2.7942,-,core,-4.37351
2022-10-27,-5.67325,-0.151687,4.58566,3.02281,-,core,-5.67325
2022-10-26,-5.52995,-0.158815,5.31114,2.62341,-,core,-5.52995
2022-10-25,-5.37968,1.99917,4.93094,2.09896,-,core,-5.37968
2022-10-24,-7.23422,-0.280946,2.87431,0.219162,-,core,-7.23422
2022-10-21,-6.97287,1.60338,1.46017,2.61151,-,core,-6.97287
2022-10-20,-8.44091,-0.538778,-0.381113,-0.97574,-,core,-8.44091
2022-10-19,-7.94494,-0.669051,-1.08953,1.18888,-,core,-7.94494
2022-10-18,-7.32489,0.121207,0.308459,1.71452,-,core,-7.32489
2022-10-17,-7.43709,2.09946,0.187026,1.57657,-,core,-7.43709
2022-10-14,-9.34045,-1.94862,-2.67166,-1.14831,-,core,-9.34045
2022-10-13,-7.53873,1.63539,0.576097,0.132265,-,core,-7.53873
2022-10-12,-9.0265,-0.153059,-4.07233,-1.65725,-,core,-9.0265
2022-10-11,-8.88704,-0.0145888,-3.78236,-2.69777,-,core,-8.88704
2022-10-10,-8.87375,-0.63944,-3.76832,-1.47479,-,core,-8.87375
2022-10-07,-8.2873,-0.678415,-2.20841,2.02052,-,core,-8.2873
2022-10-06,-7.66086,-0.180986,0.219588,2.28478,-,core,-7.66086
2022-10-05,-7.49344,-1.20949,-0.141605,0.50628,-,core,-7.49344
2022-10-04,-6.36088,1.24212,1.08096,3.82325,-,core,-6.36088
2022-10-03,-7.50972,2.8855,-0.159178,3.10419,-,core,-7.50972
2022-09-30,-10.1037,-0.421138,-2.99286,-0.307819,-,core,-10.1037
2022-09-29,-9.72348,-1.91662,-2.58508,-1.11624,-,core,-9.72348
2022-09-28,-7.95942,2.05085,-1.764,0.384181,-,core,-7.95942
2022-09-27,-9.8091,0.540929,-3.44755,-1.86975,-,core,-9.8091
2022-09-26,-10.2943,-0.519271,-3.96702,-3.6139,-,core,-10.2943
2022-09-23,-9.8261,-1.22864,-4.50033,-2.39876,-,core,-9.8261
2022-09-22,-8.70441,-0.428344,-3.76331,-1.3076,-,core,-8.70441
2022-09-21,-8.31167,-0.240494,-3.22262,-1.5672,-,core,-8.31167
2022-09-20,-8.09063,-1.24608,-4.07296,-0.0242439,-,core,-8.09063
2022-09-19,-6.93092,0.734884,-2.86256,-1.86262,-,core,-6.93092
2022-09-16,-7.60988,-0.124385,-3.64041,-2.43363,-,core,-7.60988
2022-09-15,-7.49482,-0.690263,-4.78506,-1.67101,-,core,-7.49482
2022-09-14,-6.85185,1.32326,-3.08953,-0.677815,-,core,-6.85185
2022-09-13,-8.06834,-3.06199,-4.05176,-0.222671,-,core,-8.06834
2022-09-12,-5.16449,0.148759,-1.02103,2.37243,-,core,-5.16449
2022-09-09,-5.30536,0.656286,-0.864576,2.22037,-,core,-5.30536
2022-09-08,-5.92277,0.312842,0.204244,1.13726,-,core,-5.92277
2022-09-07,-6.21617,1.78757,-1.33258,1.20215,-,core,-6.21617
2022-09-06,-7.86318,-0.540735,-2.24459,-0.577682,-,core,-7.86318
2022-09-02,-7.36226,-0.410247,-2.15652,-0.828117,-,core,-7.36226
2022-09-01,-6.98065,0.377197,-0.467816,-2.72206,-,core,-6.98065
2022-08-31,-7.3302,-0.00255166,-1.3384,-1.85701,-,core,-7.3302
2022-08-30,-7.32783,-1.0899,-1.26594,-2.31223,-,core,-7.32783
2022-08-29,-6.30667,0.301925,-0.177978,-1.10634,-,core,-6.30667
2022-08-26,-6.5887,-2.31217,0.803426,-2.50538,-,core,-6.5887
2022-08-25,-4.37776,1.2698,4.7165,-1.04415,-,core,-4.37776
2022-08-24,-5.57674,-0.466373,2.36651,-1.51993,-,core,-5.57674
2022-08-23,-5.13432,0.131088,3.3617,-2.35541,-,core,-5.13432
2022-08-22,-5.25851,-1.11704,3.22638,-1.43183,-,core,-5.25851
2022-08-19,-4.18825,-0.848035,5.02767,-0.00214079,-,core,-4.18825
2022-08-18,-3.36879,0.782893,5.55995,1.9055,-,core,-3.36879
2022-08-17,-4.11943,-1.3108,6.45629,0.376968,-,core,-4.11943
2022-08-16,-2.84594,1.07819,6.71167,3.48147,-,core,-2.84594
2022-08-15,-3.88227,0.317214,5.57339,1.12286,-,core,-3.88227
2022-08-12,-4.1862,1.04346,6.68543,1.65662,-,core,-4.1862
2022-08-11,-5.17566,-0.728797,5.66371,0.407685,-,core,-5.17566
2022-08-10,-4.47951,1.7415,6.52739,0.888227,-,core,-4.47951
2022-08-09,-6.11453,-1.22564,4.09129,0.458946,-,core,-6.11453
2022-08-08,-4.94955,0.84672,5.38291,1.19617,-,core,-4.94955
2022-08-05,-5.7476,-0.197933,4.54272,0.41766,-,core,-5.7476
2022-08-04,-5.56068,-0.253695,5.82557,1.04338,-,core,-5.56068
2022-08-03,-5.32048,1.30859,5.87769,2.17201,-,core,-5.32048
2022-08-02,-6.54344,-0.500782,4.60261,2.34484,-,core,-6.54344
2022-08-01,-6.07307,0.0708983,5.12908,1.82842,-,core,-6.07307
2022-07-29,-6.13962,0.423949,5.86606,2.26636,-,core,-6.13962
2022-07-28,-6.53586,0.86045,5.25961,1.51023,-,core,-6.53586
2022-07-27,-7.33321,1.47997,3.06215,1.5802,-,core,-7.33321
2022-07-26,-8.68465,-1.00285,0.581099,-0.247092,-,core,-8.68465
2022-07-25,-7.75962,0.501276,1.59999,2.41459,-,core,-7.75962
2022-07-22,-8.21969,-0.318554,4.11411,0.809265,-,core,-8.21969
2022-07-21,-7.92639,0.92997,4.33707,3.25844,-,core,-7.92639
2022-07-20,-8.77475,-0.345525,4.49295,1.57623,-,core,-8.77475
2022-07-19,-8.45846,1.63867,5.20617,2.00566,-,core,-8.45846
2022-07-18,-9.93433,-1.07405,3.50998,0.444009,-,core,-9.93433
2022-07-15,-8.95647,2.10322,2.46393,0.940409,-,core,-8.95647
2022-07-14,-10.8319,-0.714303,1.74273,-1.98837,-,core,-10.8319
2022-07-13,-10.1904,0.0757811,2.64392,-0.385093,-,core,-10.1904
2022-07-12,-10.2584,0.0826341,0.0115952,0.561495,-,core,-10.2584
2022-07-11,-10.3325,-0.585155,-0.0709802,0.272915,-,core,-10.3325
2022-07-08,-9.80468,-0.859304,-1.92679,0.952423,-,core,-9.80468
2022-07-07,-9.02291,0.909816,-2.38771,2.88664,-,core,-9.02291
2022-07-06,-9.84317,1.02675,-2.5425,1.68879,-,core,-9.84317
2022-07-05,-10.7594,-0.204571,-3.37862,0.502988,-,core,-10.7594
2022-07-04,-10.5765,0.0885379,-3.18055,-0.544989,-,core,-10.5765
2022-07-01,-10.6556,1.04021,-3.32229,-1.58986,-,core,-10.6556
2022-06-30,-11.5754,-0.265027,-5.16419,-0.492785,-,core,-11.5754
2022-06-29,-11.3404,-0.151329,-6.07476,0.57398,-,core,-11.3404
2022-06-28,-11.2061,-1.24517,-6.27182,0.62056,-,core,-11.2061
2022-06-27,-10.0865,-0.962993,-5.09003,2.99043,-,core,-10.0865
2022-06-24,-9.21221,2.1666,-1.90104,4.33989,-,core,-9.21221
2022-06-23,-11.1375,0.80418,-2.83008,2.83943,-,core,-11.1375
2022-06-22,-11.8464,-0.105085,-3.94663,-0.788532,-,core,-11.8464
2022-06-21,-11.7537,1.08076,-2.99814,0.690911,-,core,-11.7537
2022-06-20,-12.6972,0.334669,-4.03529,-0.221185,-,core,-12.6972
2022-06-17,-12.9884,0.697391,-4.24682,-3.03089,-,core,-12.9884
2022-06-16,-13.591,-2.75198,-7.25659,-4.58522,-,core,-13.591
2022-06-15,-11.1458,1.38455,-3.8151,-3.38502,-,core,-11.1458
2022-06-14,-12.3592,0.16513,-6.06745,-5.96734,-,core,-12.3592
2022-06-13,-12.5037,-2.49068,-6.2223,-5.41846,-,core,-12.5037
2022-06-10,-10.2688,-0.916698,-2.21121,-2.84736,-,core,-10.2688
2022-06-09,-9.4386,-1.52873,-1.60551,-3.4609,-,core,-9.4386
2022-06-08,-8.03267,-1.32525,0.480684,-0.484047,-,core,-8.03267
2022-06-07,-6.7975,0.749802,-3.70372,-0.0398596,-,core,-6.7975
2022-06-06,-7.49114,0.160008,-4.42037,-1.99683,-,core,-7.49114
2022-06-03,-7.63892,-1.54243,-7.63892,-2.50645,-,core,-7.63892
2022-06-02,-6.192,1.5077,-6.192,0.114554,-,core,-6.192
2022-06-01,-7.58534,-0.884814,-7.58534,-0.143147,-,core,-7.58534
2022-05-31,-6.76034,-1.22263,-,1.9563,-,core,-6.76034
2022-05-30,-5.60625,-0.360823,-,2.85275,-,core,-5.60625
2022-05-27,-5.26442,1.10449,-,4.13497,-,core,-5.26442
2022-05-26,-6.29934,1.24642,-,2.60765,-,core,-6.29934
2022-05-25,-7.45286,1.19904,-,1.84488,-,core,-7.45286
2022-05-24,-8.54939,-0.354132,-,-1.84536,-,core,-8.54939
2022-05-23,-8.22438,0.881334,-,-0.652683,-,core,-8.22438
2022-05-20,-9.02617,-0.378385,-,-2.49512,-,core,-9.02617
2022-05-19,-8.68063,0.493759,-,-0.476328,-,core,-8.68063
2022-05-18,-9.12931,-2.46779,-,-0.969433,-,core,-9.12931
2022-05-17,-6.83007,0.856667,-,1.22864,-,core,-6.83007
2022-05-16,-7.62144,-0.989556,-,0.929973,-,core,-7.62144
2022-05-13,-6.69817,1.68424,-,-3.60109,-,core,-6.69817
2022-05-12,-8.24357,-0.00415207,-,-5.38254,-,core,-8.24357
2022-05-11,-8.23976,-0.302981,-,-8.23976,-,core,-8.23976
2022-05-10,-7.9609,0.5591,-,-7.9609,-,core,-7.9609
2022-05-09,-8.47262,-5.43444,-,-8.47262,-,core,-8.47262
2022-05-06,-3.21278,-0.194896,-,-,-,core,-3.21278
2022-05-05,-3.02378,-3.02378,-,-,-,core,-3.02378
2022-05-04,-,-,-,-,-,core,-
2022-05-03,-,-,-,-,-,core,-
2022-05-02,-,-,-,-,-,core,-